{
  "rouge1": 0.24598930481283426,
  "rouge2": 0.22580645161290325,
  "rougeL": 0.24064171122994657,
  "rougeLsum": 0.24064171122994657
}